{
	"groups":[{
			"keys":"checkbox_select_disabled_png,checkbox_select_down_png,checkbox_select_up_png,checkbox_unselect_png,selected_png,border_png,header_png,radiobutton_select_disabled_png,radiobutton_select_down_png,radiobutton_select_up_png,radiobutton_unselect_png,roundthumb_png,thumb_png,track_png,tracklight_png,handle_png,off_png,on_png,button_down_png,button_up_png,thumb_pb_png,track_pb_png,track_sb_png,icon_1_png,icon_2_png,icon_3_png,icon_4_png,icon_5_png,icon_6_png,icon_7_png,icon_8_png,icon_9_png,icon_0_png,icon_-1_png",
			"name":"preload"
		}],
	"resources":[
		{
			"name":"checkbox_select_disabled_png",
			"type":"image",
			"url":"assets/CheckBox/checkbox_select_disabled.png"
		},
		{
			"name":"checkbox_select_down_png",
			"type":"image",
			"url":"assets/CheckBox/checkbox_select_down.png"
		},
		{
			"name":"checkbox_select_up_png",
			"type":"image",
			"url":"assets/CheckBox/checkbox_select_up.png"
		},
		{
			"name":"checkbox_unselect_png",
			"type":"image",
			"url":"assets/CheckBox/checkbox_unselect.png"
		},
		{
			"name":"selected_png",
			"type":"image",
			"url":"assets/ItemRenderer/selected.png"
		},
		{
			"name":"border_png",
			"type":"image",
			"url":"assets/Panel/border.png"
		},
		{
			"name":"header_png",
			"type":"image",
			"url":"assets/Panel/header.png"
		},
		{
			"name":"radiobutton_select_disabled_png",
			"type":"image",
			"url":"assets/RadioButton/radiobutton_select_disabled.png"
		},
		{
			"name":"radiobutton_select_down_png",
			"type":"image",
			"url":"assets/RadioButton/radiobutton_select_down.png"
		},
		{
			"name":"radiobutton_select_up_png",
			"type":"image",
			"url":"assets/RadioButton/radiobutton_select_up.png"
		},
		{
			"name":"radiobutton_unselect_png",
			"type":"image",
			"url":"assets/RadioButton/radiobutton_unselect.png"
		},
		{
			"name":"roundthumb_png",
			"type":"image",
			"url":"assets/ScrollBar/roundthumb.png"
		},
		{
			"name":"thumb_png",
			"type":"image",
			"url":"assets/Slider/thumb.png"
		},
		{
			"name":"track_png",
			"type":"image",
			"url":"assets/Slider/track.png"
		},
		{
			"name":"tracklight_png",
			"type":"image",
			"url":"assets/Slider/tracklight.png"
		},
		{
			"name":"handle_png",
			"type":"image",
			"url":"assets/ToggleSwitch/handle.png"
		},
		{
			"name":"off_png",
			"type":"image",
			"url":"assets/ToggleSwitch/off.png"
		},
		{
			"name":"on_png",
			"type":"image",
			"url":"assets/ToggleSwitch/on.png"
		},
		{
			"name":"button_down_png",
			"type":"image",
			"url":"assets/Button/button_down.png"
		},
		{
			"name":"button_up_png",
			"type":"image",
			"url":"assets/Button/button_up.png"
		},
		{
			"name":"thumb_pb_png",
			"type":"image",
			"url":"assets/ProgressBar/thumb_pb.png"
		},
		{
			"name":"track_pb_png",
			"type":"image",
			"url":"assets/ProgressBar/track_pb.png"
		},
		{
			"name":"track_sb_png",
			"type":"image",
			"url":"assets/ScrollBar/track_sb.png"
		},
		{
			"name":"icon_1_png",
			"type":"image",
			"url":"assets/Lianliankan/icon_1.png"
		},
		{
			"name":"icon_2_png",
			"type":"image",
			"url":"assets/Lianliankan/icon_2.png"
		},
		{
			"name":"icon_3_png",
			"type":"image",
			"url":"assets/Lianliankan/icon_3.png"
		},
		{
			"name":"icon_4_png",
			"type":"image",
			"url":"assets/Lianliankan/icon_4.png"
		},
		{
			"name":"icon_5_png",
			"type":"image",
			"url":"assets/Lianliankan/icon_5.png"
		},
		{
			"name":"icon_6_png",
			"type":"image",
			"url":"assets/Lianliankan/icon_6.png"
		},
		{
			"name":"icon_7_png",
			"type":"image",
			"url":"assets/Lianliankan/icon_7.png"
		},
		{
			"name":"icon_8_png",
			"type":"image",
			"url":"assets/Lianliankan/icon_8.png"
		},
		{
			"name":"icon_9_png",
			"type":"image",
			"url":"assets/Lianliankan/icon_9.png"
		},
		{
			"name":"icon_0_png",
			"type":"image",
			"url":"assets/Lianliankan/icon_0.png"
		},
		{
			"name":"icon_-1_png",
			"type":"image",
			"url":"assets/Lianliankan/icon_-1.png"
		}
	]
}