{
  "autoGenerateExmlsList": true,
  "exmls": [
    {
      "path": "resource/eui_skins/ButtonSkin.exml",
      "content": "<?xml version=\"1.0\" encoding=\"utf-8\" ?>\r\n<e:Skin class=\"skins.ButtonSkin\" states=\"up,down,disabled\" minHeight=\"50\" minWidth=\"100\" xmlns:e=\"http://ns.egret.com/eui\">\r\n    <e:Image width=\"100%\" height=\"100%\" scale9Grid=\"1,3,8,8\" alpha.disabled=\"0.5\"\r\n             source=\"button_up_png\"\r\n             source.down=\"button_down_png\"/>\r\n    <e:Label id=\"labelDisplay\" top=\"8\" bottom=\"8\" left=\"8\" right=\"8\"\r\n             size=\"20\" fontFamily=\"Tahoma 'Microsoft Yahei'\"\r\n             textColor=\"0xFFFFFF\" verticalAlign=\"middle\" textAlign=\"center\"/>\r\n    <e:Image id=\"iconDisplay\" horizontalCenter=\"0\" verticalCenter=\"0\"/>\r\n</e:Skin>\r\n"
    },
    {
      "path": "resource/eui_skins/CheckBoxSkin.exml",
      "content": "<?xml version=\"1.0\" encoding=\"utf-8\"?>\r\n<e:Skin class=\"skins.CheckBoxSkin\" states=\"up,down,disabled,upAndSelected,downAndSelected,disabledAndSelected\" xmlns:e=\"http://ns.egret.com/eui\">\r\n    <e:Group width=\"100%\" height=\"100%\">\r\n        <e:layout>\r\n            <e:HorizontalLayout verticalAlign=\"middle\"/>\r\n        </e:layout>\r\n        <e:Image fillMode=\"scale\" alpha=\"1\" alpha.disabled=\"0.5\" alpha.down=\"0.7\"\r\n                 source=\"checkbox_unselect_png\"\r\n                 source.upAndSelected=\"checkbox_select_up_png\"\r\n                 source.downAndSelected=\"checkbox_select_down_png\"\r\n                 source.disabledAndSelected=\"checkbox_select_disabled_png\"/>\r\n        <e:Label id=\"labelDisplay\" size=\"20\" textColor=\"0x707070\"\r\n                 textAlign=\"center\" verticalAlign=\"middle\"\r\n                 fontFamily=\"Tahoma\"/>\r\n    </e:Group>\r\n</e:Skin>\r\n"
    },
    {
      "path": "resource/eui_skins/HScrollBarSkin.exml",
      "content": "<?xml version=\"1.0\" encoding=\"utf-8\"?>\r\n<e:Skin class=\"skins.HScrollBarSkin\" minWidth=\"20\" minHeight=\"8\" xmlns:e=\"http://ns.egret.com/eui\">\r\n    <e:Image id=\"thumb\" source=\"roundthumb_png\" scale9Grid=\"3,3,2,2\" height=\"8\" width=\"30\" verticalCenter=\"0\"/>\r\n</e:Skin>\r\n"
    },
    {
      "path": "resource/eui_skins/HSliderSkin.exml",
      "content": "<?xml version=\"1.0\" encoding=\"utf-8\"?>\r\n<e:Skin class=\"skins.HSliderSkin\" minWidth=\"20\" minHeight=\"8\" xmlns:e=\"http://ns.egret.com/eui\">\r\n    <e:Image id=\"track\" source=\"track_sb_png\" scale9Grid=\"1,1,4,4\" width=\"100%\"\r\n             height=\"6\" verticalCenter=\"0\"/>\r\n    <e:Image id=\"thumb\" source=\"thumb_png\" verticalCenter=\"0\"/>\r\n</e:Skin>\r\n"
    },
    {
      "path": "resource/eui_skins/ItemRendererSkin.exml",
      "content": "<?xml version=\"1.0\" encoding=\"utf-8\" ?>\r\n<e:Skin class=\"skins.ItemRendererSkin\" states=\"up,down,disabled\" minHeight=\"50\" minWidth=\"100\" xmlns:e=\"http://ns.egret.com/eui\">\r\n    <e:Image width=\"100%\" height=\"100%\" scale9Grid=\"1,3,8,8\" alpha.disabled=\"0.5\"\r\n             source=\"button_up_png\"\r\n             source.down=\"button_down_png\"/>\r\n    <e:Label id=\"labelDisplay\" top=\"8\" bottom=\"8\" left=\"8\" right=\"8\"\r\n             size=\"20\" fontFamily=\"Tahoma 'Microsoft Yahei'\"\r\n             textColor=\"0xFFFFFF\" text=\"{data}\" verticalAlign=\"middle\" textAlign=\"center\"/>\r\n</e:Skin>\r\n"
    },
    {
      "path": "resource/eui_skins/PanelSkin.exml",
      "content": "<?xml version=\"1.0\" encoding=\"utf-8\"?>\r\n<e:Skin class=\"skins.PanelSkin\" minHeight=\"230\" minWidth=\"450\" xmlns:e=\"http://ns.egret.com/eui\">\r\n    <e:Image left=\"0\" right=\"0\" bottom=\"0\"  top=\"0\" source=\"border_png\" scale9Grid=\"2,2,12,12\" />\r\n    <e:Group id=\"moveArea\" left=\"0\" right=\"0\" top=\"0\" height=\"45\">\r\n        <e:Image left=\"0\" right=\"0\" bottom=\"0\"  top=\"0\" source=\"header_png\"/>\r\n        <e:Label id=\"titleDisplay\" size=\"20\" fontFamily=\"Tahoma\" textColor=\"0xFFFFFF\"\r\n                 wordWrap=\"false\" left=\"15\" right=\"5\" verticalCenter=\"0\"/>\r\n    </e:Group>\r\n    <e:Button id=\"closeButton\" label=\"close\" bottom=\"5\" horizontalCenter=\"0\"/>\r\n</e:Skin>\r\n"
    },
    {
      "path": "resource/eui_skins/ProgressBarSkin.exml",
      "content": "<?xml version=\"1.0\" encoding=\"utf-8\"?>\r\n<e:Skin class=\"skins.ProgressBarSkin\" minWidth=\"30\" minHeight=\"18\" xmlns:e=\"http://ns.egret.com/eui\">\r\n\t<e:Image source=\"track_pb_png\" scale9Grid=\"1,1,4,4\" width=\"100%\"\r\n\t\t\t height=\"100%\" verticalCenter=\"0\"/>\r\n\t<e:Image id=\"thumb\" height=\"100%\" width=\"100%\" source=\"thumb_pb_png\"/>\r\n\t<e:Label id=\"labelDisplay\" textAlign=\"center\" verticalAlign=\"middle\"\r\n\t\t\t size=\"15\" fontFamily=\"Tahoma\" textColor=\"0x707070\"\r\n\t\t\t horizontalCenter=\"0\" verticalCenter=\"0\"/>\r\n</e:Skin>\r\n"
    },
    {
      "path": "resource/eui_skins/RadioButtonSkin.exml",
      "content": "<?xml version=\"1.0\" encoding=\"utf-8\"?>\r\n<e:Skin class=\"skins.RadioButtonSkin\" states=\"up,down,disabled,upAndSelected,downAndSelected,disabledAndSelected\" xmlns:e=\"http://ns.egret.com/eui\">\r\n    <e:Group width=\"100%\" height=\"100%\">\r\n        <e:layout>\r\n            <e:HorizontalLayout verticalAlign=\"middle\"/>\r\n        </e:layout>\r\n        <e:Image fillMode=\"scale\" alpha=\"1\" alpha.disabled=\"0.5\" alpha.down=\"0.7\"\r\n                 source=\"radiobutton_unselect_png\"\r\n                 source.upAndSelected=\"radiobutton_select_up_png\"\r\n                 source.downAndSelected=\"radiobutton_select_down_png\"\r\n                 source.disabledAndSelected=\"radiobutton_select_disabled_png\"/>\r\n        <e:Label id=\"labelDisplay\" size=\"20\" textColor=\"0x707070\"\r\n                 textAlign=\"center\" verticalAlign=\"middle\"\r\n                 fontFamily=\"Tahoma\"/>\r\n    </e:Group>\r\n</e:Skin>\r\n"
    },
    {
      "path": "resource/eui_skins/ScrollerSkin.exml",
      "content": "<?xml version=\"1.0\" encoding=\"utf-8\"?>\r\n<e:Skin class=\"skins.ScrollerSkin\" minWidth=\"20\" minHeight=\"20\" xmlns:e=\"http://ns.egret.com/eui\">\r\n    <e:HScrollBar id=\"horizontalScrollBar\" width=\"100%\" bottom=\"0\"/>\r\n    <e:VScrollBar id=\"verticalScrollBar\" height=\"100%\" right=\"0\"/>\r\n</e:Skin>"
    },
    {
      "path": "resource/eui_skins/TextInputSkin.exml",
      "content": "<?xml version='1.0' encoding='utf-8'?>\r\n<e:Skin class=\"skins.TextInputSkin\" minHeight=\"40\" minWidth=\"300\" states=\"normal,disabled,normalWithPrompt,disabledWithPrompt\" xmlns:e=\"http://ns.egret.com/eui\">\r\n\t<e:Image width=\"100%\" height=\"100%\" scale9Grid=\"1,3,8,8\" source=\"button_up_png\"/>\r\n\t<e:Rect height=\"100%\" width=\"100%\" fillColor=\"0xffffff\"/>\r\n \t<e:EditableText id=\"textDisplay\" verticalCenter=\"0\" left=\"10\" right=\"10\"\r\n\t                textColor=\"0x000000\" textColor.disabled=\"0xff0000\" width=\"100%\" height=\"24\" size=\"20\" />\r\n\t<e:Label id=\"promptDisplay\" verticalCenter=\"0\" left=\"10\" right=\"10\"\r\n\t                textColor=\"0xa9a9a9\" width=\"100%\" height=\"24\" size=\"20\" touchEnabled=\"false\" includeIn=\"normalWithPrompt,disabledWithPrompt\"/>\r\n</e:Skin>"
    },
    {
      "path": "resource/eui_skins/ToggleSwitchSkin.exml",
      "content": "<?xml version=\"1.0\" encoding=\"utf-8\"?>\r\n<e:Skin class=\"skins.ToggleSwitchSkin\" states=\"up,down,disabled,upAndSelected,downAndSelected,disabledAndSelected\" xmlns:e=\"http://ns.egret.com/eui\">\r\n    <e:Image source=\"on_png\"\r\n             source.up=\"off_png\"\r\n             source.down=\"off_png\"\r\n             source.disabled=\"off_png\"/>\r\n    <e:Image source=\"handle_png\"\r\n             horizontalCenter=\"-18\"\r\n             horizontalCenter.upAndSelected=\"18\"\r\n             horizontalCenter.downAndSelected=\"18\"\r\n             horizontalCenter.disabledAndSelected=\"18\"\r\n             verticalCenter=\"0\"/>\r\n</e:Skin>\r\n"
    },
    {
      "path": "resource/eui_skins/VScrollBarSkin.exml",
      "content": "<?xml version=\"1.0\" encoding=\"utf-8\"?>\r\n<e:Skin class=\"skins.VScrollBarSkin\" minWidth=\"8\" minHeight=\"20\" xmlns:e=\"http://ns.egret.com/eui\">\r\n    <e:Image id=\"thumb\" source=\"roundthumb_png\" scale9Grid=\"3,3,2,2\" height=\"30\" width=\"8\" horizontalCenter=\"0\"/>\r\n</e:Skin>\r\n"
    },
    {
      "path": "resource/eui_skins/VSliderSkin.exml",
      "content": "<?xml version=\"1.0\" encoding=\"utf-8\"?>\r\n<e:Skin class=\"skins.VSliderSkin\" minWidth=\"25\" minHeight=\"30\" xmlns:e=\"http://ns.egret.com/eui\">\r\n    <e:Image id=\"track\" source=\"track_png\" scale9Grid=\"1,1,4,4\" width=\"7\" height=\"100%\" horizontalCenter=\"0\"/>\r\n    <e:Image id=\"thumb\" source=\"thumb_png\" horizontalCenter=\"0\" />\r\n</e:Skin>\r\n"
    },
    {
      "path": "skin/ArgsWindowSkin.exml",
      "content": "<?xml version='1.0' encoding='utf-8'?>\n<e:Skin class=\"ArgsWindowSkin\" width=\"400\" height=\"300\" xmlns:e=\"http://ns.egret.com/eui\">\n\t<e:Image left=\"0\" right=\"0\" bottom=\"0\"  top=\"0\" source=\"border_png\" scale9Grid=\"2,2,12,12\" />\r\n\t<e:Group id=\"moveArea\" left=\"0\" right=\"0\" top=\"0\" height=\"45\">\r\n\t\t<e:Image left=\"0\" right=\"0\" bottom=\"0\"  top=\"0\" source=\"header_png\"/>\r\n\t\t<e:Label id=\"titleDisplay\" size=\"20\" fontFamily=\"Tahoma\" textColor=\"0xFFFFFF\"\r\n\t\t         wordWrap=\"false\" left=\"15\" right=\"5\" verticalCenter=\"0\"/>\r\n\t</e:Group>\n</e:Skin>"
    },
    {
      "path": "skin/EditorSceneSkin.exml",
      "content": "<?xml version='1.0' encoding='utf-8'?>\n<e:Skin class=\"EditorSceneSkin\" width=\"480\" height=\"800\" xmlns:e=\"http://ns.egret.com/eui\" xmlns:w=\"http://ns.egret.com/wing\">\n\t<e:Button id=\"btn_mode\" label=\"模式切换\" x=\"260\" y=\"0\" visible=\"false\"/>\n\t<e:Button id=\"btn_save\" y=\"0\" label=\"保存\" x=\"380\" visible=\"false\"/>\n\t<e:Button id=\"btn_clear\" x=\"260\" y=\"49\" label=\"清除\"/>\n\t<e:Button id=\"btn_run\" label=\"运行\" y=\"49\" x=\"380\"/>\n\t<e:Group id=\"group_tile\" height=\"700\" width=\"480\" x=\"0\" y=\"100\"/>\n\t<e:Group id=\"group_icon\" height=\"90\" width=\"260\">\n\t\t<e:Image id=\"icon_1\" source=\"icon_1_png\" y=\"0\" width=\"40\" height=\"40\" x=\"0\"/>\n\t\t<e:Image id=\"icon_2\" source=\"icon_2_png\" x=\"53\" y=\"0\" width=\"40\" height=\"40\"/>\n\t\t<e:Image id=\"icon_3\" source=\"icon_3_png\" x=\"107\" y=\"0\" width=\"40\" height=\"40\"/>\n\t\t<e:Image id=\"icon_4\" source=\"icon_4_png\" x=\"160\" y=\"0\" width=\"40\" height=\"40\"/>\n\t\t<e:Image id=\"icon_5\" source=\"icon_5_png\" x=\"0\" y=\"45\" width=\"40\" height=\"40\"/>\n\t\t<e:Image id=\"icon_6\" source=\"icon_6_png\" x=\"53\" y=\"45\" width=\"40\" height=\"40\"/>\n\t\t<e:Image id=\"icon_7\" source=\"icon_7_png\" x=\"107\" y=\"45\" width=\"40\" height=\"40\"/>\n\t\t<e:Image id=\"icon_8\" source=\"icon_8_png\" x=\"160\" y=\"45\" width=\"40\" height=\"40\"/>\n\t\t<e:Image id=\"icon_9\" source=\"icon_9_png\" x=\"213\" y=\"45\" width=\"40\" height=\"40\"/>\n\t</e:Group>\n</e:Skin>"
    }
  ],
  "skins": {
    "eui.Button": "resource/eui_skins/ButtonSkin.exml",
    "eui.CheckBox": "resource/eui_skins/CheckBoxSkin.exml",
    "eui.HScrollBar": "resource/eui_skins/HScrollBarSkin.exml",
    "eui.HSlider": "resource/eui_skins/HSliderSkin.exml",
    "eui.ItemRenderer": "resource/eui_skins/ItemRendererSkin.exml",
    "eui.Panel": "resource/eui_skins/PanelSkin.exml",
    "eui.ProgressBar": "resource/eui_skins/ProgressBarSkin.exml",
    "eui.RadioButton": "resource/eui_skins/RadioButtonSkin.exml",
    "eui.Scroller": "resource/eui_skins/ScrollerSkin.exml",
    "eui.TextInput": "resource/eui_skins/TextInputSkin.exml",
    "eui.ToggleSwitch": "resource/eui_skins/ToggleSwitchSkin.exml",
    "eui.VScrollBar": "resource/eui_skins/VScrollBarSkin.exml",
    "eui.VSlider": "resource/eui_skins/VSliderSkin.exml"
  }
}